基金名稱,匯豐成功基金,富蘭克林華美傳產基金,兆豐國際豐台灣基金,保德信新世紀基金,貝萊德寶利基金,安聯台灣智慧基金,野村積極成長基金,安聯台灣大壩基金,野村成長基金,路博邁AR台灣股票基金T月配型(基金之配息來源可能為本金),路博邁AR台灣股票基金T累積型(基金之配息來源可能為本金),新光台灣富貴基金,柏瑞巨人基金,匯豐龍鳳基金,匯豐龍鳳基金I類型,匯豐台灣精典基金,凱基開創基金,保德信金滿意基金,凱基台灣精五門基金,華南永昌永昌基金,保德信高成長基金,德信大發基金,兆豐國際第一基金,兆豐國際國民基金,合庫台灣基金,野村優質基金,日盛MIT主流基金,摩根台灣增長基金,華南永昌物聯網精選基金,群益奧斯卡基金,統一大滿貫基金,聯博大利基金,台新主流基金,復華高成長基金,富邦富邦基金,保德信第一基金,復華復華基金,群益長安基金,日盛上選基金,日盛首選基金,日盛精選五虎基金,摩根台灣金磚基金-累積型,德銀遠東DWS台灣旗艦基金,宏利台灣動力基金A類,國泰小龍基金(台幣),永豐永豐基金,野村台灣運籌基金,野村鴻運基金,景順潛力基金,富邦台灣心基金,群益馬拉松基金,國泰國泰基金,國泰國泰基金-I類型,景順主流基金,群益葛萊美基金,瀚亞菁華基金,富蘭克林華美第一富基金,復華全方位基金,富邦精準基金,富邦高成長基金,元大二○○一基金,統一台灣動力基金,瀚亞外銷基金,統一經建基金,元大多福基金,統一黑馬基金,統一全天候基金,富邦長紅基金,日盛日盛基金,元大經貿基金,新光大三通基金,統一龍馬基金,元大卓越基金,統一統信基金,第一金創新趨勢基金,元大多多基金,元大新主流基金,鋒裕匯理阿波羅基金,華頓台灣基金,摩根台灣金磚基金-機構法人型,群益馬拉松基金I類型,路博邁AR台灣股票基金N月配型(基金之配息來源可能為本金),路博邁AR台灣股票基金N累積型(基金之配息來源可能為本金),宏利臺灣股息收益基金I類,宏利台灣動力基金I類,國泰小龍基金-I類型(美元),永豐永豐基金-I類型,路博邁AR台灣股票基金I月配型(基金之配息來源可能為本金),路博邁AR台灣股票基金I累積型(基金之配息來源可能為本金)
成立日期,1990/8/13,2011/5/16,2008/8/22,2000/3/4,1999/5/10,2008/4/24,1994/1/12,2000/4/10,1999/11/16,2017/9/13,2017/9/13,1993/4/15,1997/8/30,1993/12/21,2018/4/9,1998/7/14,2001/10/8,1995/5/2,2009/9/3,1993/2/16,1994/4/11,1996/7/19,1986/1/4,1988/5/2,2011/6/21,1999/4/21,2010/11/26,1994/4/7,2015/4/23,2005/10/25,2000/4/10,1997/1/8,2007/2/8,1998/10/17,1993/2/9,1997/9/11,1998/1/23,1998/2/19,1997/12/27,2007/10/24,1999/11/17,2010/2/2,2001/8/2,2000/2/23,1994/3/9,1998/4/14,1987/4/29,1988/2/3,1995/8/9,1999/12/7,1996/8/20,2000/6/23,2018/4/16,1999/9/10,2006/5/25,1996/10/1,2002/12/13,2005/8/1,1994/11/1,1998/2/4,1993/2/18,2007/9/13,1995/3/27,1997/10/23,1994/3/16,1994/11/1,1994/2/18,1995/2/27,1997/4/7,1998/11/24,2002/5/10,1995/4/8,1995/11/22,1993/1/30,2010/10/21,1994/10/11,1999/8/20,2000/2/15,2002/6/4,2018/7/17,2018/6/15,2019/4/1,2019/4/1,2019/5/20,2019/5/20,2019/2/11, , , 
興櫃交易代碼,,,T0110Y.TE,,,,,,,,,,,,,,,,,,,,,,,,,,T1249Y.TE,,,,,,T1001Y.TE,,,,,,,,,,T3714Y.TE,T2501Y.TE,,,,,,T3701Y.TE,,,,,,,,,,,,,,,,,,,,,,,,,,,,,,,,,,,,,
基金規模,6.49億元(台幣)　規模日期:2019/04/30,3.44億元(台幣)　規模日期:2019/04/30,4.62億元(台幣)　規模日期:2019/04/30,6.36億元(台幣)　規模日期:2019/04/30,5.17億元(台幣)　規模日期:2019/04/30,4.91億元(台幣)　規模日期:2019/04/30,4.12億元(台幣)　規模日期:2019/04/30,44.21億元(台幣)　規模日期:2019/04/30,5.85億元(台幣)　規模日期:2019/04/30,2.65億元(台幣)　規模日期:2019/04/30,1.05億元(台幣)　規模日期:2019/04/30,3.44億元(台幣)　規模日期:2019/04/30,12.21億元(台幣)　規模日期:2019/04/30,18.09億元(台幣)　規模日期:2019/04/30,0千元(台幣)　規模日期:2019/04/30,5.68億元(台幣)　規模日期:2019/04/30,2.33億元(台幣)　規模日期:2019/04/30,56.63億元(台幣)　規模日期:2019/04/30,3.84億元(台幣)　規模日期:2019/04/30,3.44億元(台幣)　規模日期:2019/04/30,36.83億元(台幣)　規模日期:2019/04/30,6.16億元(台幣)　規模日期:2019/04/30,2.68億元(台幣)　規模日期:2019/04/30,3.37億元(台幣)　規模日期:2019/04/30,2.21億元(台幣)　規模日期:2019/04/30,23.34億元(台幣)　規模日期:2019/04/30,1.42億元(台幣)　規模日期:2019/04/30,11.82億元(台幣)　規模日期:2019/04/30,6.73億元(台幣)　規模日期:2019/04/30,3.25億元(台幣)　規模日期:2019/04/30,63.11億元(台幣)　規模日期:2019/04/30,5.80億元(台幣)　規模日期:2019/04/30,3.56億元(台幣)　規模日期:2019/04/30,23.80億元(台幣)　規模日期:2019/04/30,10.06億元(台幣)　規模日期:2019/04/30,4.35億元(台幣)　規模日期:2019/04/30,13.21億元(台幣)　規模日期:2019/04/30,5.57億元(台幣)　規模日期:2019/04/30,22.03億元(台幣)　規模日期:2019/04/30,2.78億元(台幣)　規模日期:2019/04/30,6.50億元(台幣)　規模日期:2019/04/30,19.34億元(台幣)　規模日期:2019/04/30,3.58億元(台幣)　規模日期:2019/04/30,10.29億元(台幣)　規模日期:2019/04/30,76.15億元(台幣)　規模日期:2019/04/30,12.28億元(台幣)　規模日期:2019/04/30,4.88億元(台幣)　規模日期:2019/04/30,4.76億元(台幣)　規模日期:2019/04/30,17.75億元(台幣)　規模日期:2019/04/30,2.91億元(台幣)　規模日期:2019/04/30,76.90億元(台幣)　規模日期:2019/04/30,27.25億元(台幣)　規模日期:2019/04/30,0千元(台幣)　規模日期:2019/04/30,5.14億元(台幣)　規模日期:2019/04/30,11.17億元(台幣)　規模日期:2019/04/30,9.20億元(台幣)　規模日期:2019/04/30,7.05億元(台幣)　規模日期:2019/04/30,14.17億元(台幣)　規模日期:2019/04/30,9.86億元(台幣)　規模日期:2019/04/30,8.43億元(台幣)　規模日期:2019/04/30,11.97億元(台幣)　規模日期:2019/04/30,7.20億元(台幣)　規模日期:2019/04/30,36.13億元(台幣)　規模日期:2019/04/30,8.13億元(台幣)　規模日期:2019/04/30,21.99億元(台幣)　規模日期:2019/04/30,12.51億元(台幣)　規模日期:2019/04/30,29.26億元(台幣)　規模日期:2019/04/30,8.10億元(台幣)　規模日期:2019/04/30,8.59億元(台幣)　規模日期:2019/04/30,9.70億元(台幣)　規模日期:2019/04/30,4.59億元(台幣)　規模日期:2019/04/30,8.44億元(台幣)　規模日期:2019/04/30,26.27億元(台幣)　規模日期:2019/04/30,5.57億元(台幣)　規模日期:2019/04/30,12.58億元(台幣)　規模日期:2019/04/30,6.60億元(台幣)　規模日期:2019/04/30,20.60億元(台幣)　規模日期:2019/04/30,2.33億元(台幣)　規模日期:2019/04/30,4.39億元(台幣)　規模日期:2019/04/30,0千元(台幣)　規模日期:2019/04/30,0千元(台幣)　規模日期:2019/04/30,0千元(台幣)　規模日期:2019/04/30,0千元(台幣)　規模日期:2019/04/30,,,0千元(台幣)　規模日期:2019/04/30,,,
基金公司,匯豐中華投信,富蘭克林華美投信,兆豐國際投信,保德信投信,貝萊德投信,安聯投信,野村投信,安聯投信,野村投信,路博邁投信,路博邁投信,新光投信,柏瑞投信,匯豐中華投信,匯豐中華投信,匯豐中華投信,凱基投信,保德信投信,凱基投信,華南永昌投信,保德信投信,德信投信,兆豐國際投信,兆豐國際投信,合作金庫投信,野村投信,日盛投信,摩根投信,華南永昌投信,群益投信,統一投信,聯博投信,台新投信,復華投信,富邦投信,保德信投信,復華投信,群益投信,日盛投信,日盛投信,日盛投信,摩根投信,德銀遠東投信,宏利投信,國泰投信,永豐投信,野村投信,野村投信,景順投信,富邦投信,群益投信,國泰投信,國泰投信,景順投信,群益投信,瀚亞投信,富蘭克林華美投信,復華投信,富邦投信,富邦投信,元大投信,統一投信,瀚亞投信,統一投信,元大投信,統一投信,統一投信,富邦投信,日盛投信,元大投信,新光投信,統一投信,元大投信,統一投信,第一金投信,元大投信,元大投信,鋒裕匯理投信,國票華頓投信,摩根投信,群益投信,路博邁投信,路博邁投信,宏利投信,宏利投信,國泰投信,永豐投信,路博邁投信,路博邁投信
基金類型,國內股票開放型一般股票型,國內股票開放型一般股票型,國內股票開放型一般股票型,國內股票開放型一般股票型,國內股票開放型一般股票型,國內股票開放型一般股票型,國內股票開放型一般股票型,國內股票開放型一般股票型,國內股票開放型一般股票型,國內股票開放型一般股票型,國內股票開放型一般股票型,國內股票開放型一般股票型,國內股票開放型一般股票型,國內股票開放型一般股票型,國內股票開放型一般股票型,國內股票開放型一般股票型,國內股票開放型一般股票型,國內股票開放型一般股票型,國內股票開放型一般股票型,國內股票開放型一般股票型,國內股票開放型一般股票型,國內股票開放型一般股票型,國內股票開放型一般股票型,國內股票開放型一般股票型,國內股票開放型一般股票型,國內股票開放型一般股票型,國內股票開放型一般股票型,國內股票開放型一般股票型,國內股票開放型一般股票型,國內股票開放型一般股票型,國內股票開放型一般股票型,國內股票開放型一般股票型,國內股票開放型一般股票型,國內股票開放型一般股票型,國內股票開放型一般股票型,國內股票開放型一般股票型,國內股票開放型一般股票型,國內股票開放型一般股票型,國內股票開放型一般股票型,國內股票開放型一般股票型,國內股票開放型一般股票型,國內股票開放型一般股票型,國內股票開放型一般股票型,國內股票開放型一般股票型,國內股票開放型一般股票型,國內股票開放型一般股票型,國內股票開放型一般股票型,國內股票開放型一般股票型,國內股票開放型一般股票型,國內股票開放型一般股票型,國內股票開放型一般股票型,國內股票開放型一般股票型,國內股票開放型一般股票型,國內股票開放型一般股票型,國內股票開放型一般股票型,國內股票開放型一般股票型,國內股票開放型一般股票型,國內股票開放型一般股票型,國內股票開放型一般股票型,國內股票開放型一般股票型,國內股票開放型一般股票型,國內股票開放型一般股票型,國內股票開放型一般股票型,國內股票開放型一般股票型,國內股票開放型一般股票型,國內股票開放型一般股票型,國內股票開放型一般股票型,國內股票開放型一般股票型,國內股票開放型一般股票型,國內股票開放型一般股票型,國內股票開放型一般股票型,國內股票開放型一般股票型,國內股票開放型一般股票型,國內股票開放型一般股票型,國內股票開放型一般股票型,國內股票開放型一般股票型,國內股票開放型一般股票型,國內股票開放型一般股票型,國內股票開放型一般股票型,國內股票開放型一般股票型,國內股票開放型一般股票型,國內股票開放型一般股票型,國內股票開放型一般股票型,國內股票開放型一般股票型,國內股票開放型一般股票型,國內股票開放型一般股票型,國內股票開放型一般股票型,國內股票開放型一般股票型,國內股票開放型一般股票型
基金經理人,林重光,楊金峰,詹佩玲,廖炳焜,伍建興,鍾安綾,邱翠欣,蕭惠中,邱翠欣,王昱如,王昱如,南震杰,高豪志,邵琮淳,邵琮淳,邵琮淳,顏克丞,朱冠華,施政廷,王建民,葉獻文,王欣群,許鈞雄,沈文玲,楊自強,陳茹婷,楊遠瀚,葉鴻儒　曾慧瓊,俞瑞華,朱翡勵,錢素惠,徐正達,施昶成,林純寬,余美香,張淑蕙,林純寬,王耀龍,陳奕豪,楊遠瀚,林佳興,葉鴻儒,蘇聖惟,游清翔,林界政,李盈儀,許敬基,許敬基,川島義彥,陳富立,沈萬鈞　朱翡勵,林耕億,林耕億,杜雨蒔,蔡彥正,蘇育賢,周書玄,郭家宏,陳郁雯,許佳君,劉家宏,劉彥伯,姚宗宏,朱文燕,莊慧君,尤文毅,朱文燕,陳富立,張亞瑋,莊慧君,楊聖民,錢素惠,王麗勳,楊雪幸,鄭國華,蔡麗卿,蔡麗卿,陳元漢,吳帛亞,葉鴻儒,沈萬鈞　朱翡勵,王昱如,王昱如,陳桂銓,游清翔,林界政,李盈儀,王昱如,王昱如
計價幣別,台幣,台幣,台幣,台幣,台幣,台幣,台幣,台幣,台幣,台幣,台幣,台幣,台幣,台幣,台幣,台幣,台幣,台幣,台幣,台幣,台幣,台幣,台幣,台幣,台幣,台幣,台幣,台幣,台幣,台幣,台幣,台幣,台幣,台幣,台幣,台幣,台幣,台幣,台幣,台幣,台幣,台幣,台幣,台幣,台幣,台幣,台幣,台幣,台幣,台幣,台幣,台幣,台幣,台幣,台幣,台幣,台幣,台幣,台幣,台幣,台幣,台幣,台幣,台幣,台幣,台幣,台幣,台幣,台幣,台幣,台幣,台幣,台幣,台幣,台幣,台幣,台幣,台幣,台幣,台幣,台幣,台幣,台幣,台幣,台幣,美元,台幣,台幣,台幣
成立時規模,50.00億元(台幣),25.88億元(台幣),12.00億元(台幣),63.00億元(台幣),30.00億元(台幣),11.00億元(台幣),50.00億元(台幣),30.67億元(台幣),35.00億元(台幣),8.32億元(台幣),5.54億元(台幣),50.00億元(台幣),30.00億元(台幣),10.00億元(台幣), ,30.00億元(台幣),33.00億元(台幣),13.00億元(台幣),10.20億元(台幣),50.00億元(台幣),5.00億元(台幣),20.00億元(台幣),20.00億元(台幣),50.00億元(台幣),33.50億元(台幣),35.00億元(台幣),45.00億元(台幣),4.00億元(台幣),20.96億元(台幣),40.00億元(台幣),50.00億元(台幣),7.00億元(台幣),8.27億元(台幣),5.00億元(台幣),50.00億元(台幣),80.00億元(台幣),49.52億元(台幣),50.89億元(台幣),50.00億元(台幣),50.00億元(台幣),30.00億元(台幣),21.00億元(台幣),32.00億元(台幣),8.00億元(台幣),4.02億元(台幣),45.00億元(台幣),20.00億元(台幣),50.00億元(台幣),5.00億元(台幣),4.00億元(台幣),15.55億元(台幣),80.00億元(台幣), ,22.00億元(台幣),46.74億元(台幣),7.00億元(台幣),54.17億元(台幣),28.30億元(台幣),50.00億元(台幣),60.00億元(台幣),50.00億元(台幣),40.00億元(台幣),21.00億元(台幣),50.00億元(台幣),2.00億元(台幣),49.00億元(台幣),11.00億元(台幣),36.00億元(台幣),100.00億元(台幣),45.00億元(台幣),20.00億元(台幣),3.00億元(台幣),14.00億元(台幣),50.00億元(台幣),24.23億元(台幣),50.00億元(台幣),46.00億元(台幣),35.00億元(台幣),58.00億元(台幣), , , , , , , , , , 
投資區域,台灣,,台灣,台灣,台灣,台灣,台灣,台灣,台灣,台灣,台灣,台灣,台灣,台灣,台灣,台灣,台灣,台灣,台灣,台灣,台灣,台灣,台灣,台灣,台灣,台灣,台灣,台灣,台灣,台灣,台灣,台灣,台灣,台灣,台灣,台灣,台灣,台灣,台灣,台灣,台灣,台灣,台灣,台灣,台灣,台灣,台灣,台灣,台灣,台灣,台灣,台灣,台灣,台灣,台灣,台灣,台灣,台灣,台灣,台灣,台灣,台灣,台灣,台灣,台灣,台灣,台灣,台灣,台灣,台灣,台灣,台灣,台灣,台灣,台灣,台灣,台灣,台灣,台灣,台灣,台灣,,,台灣,台灣,台灣,台灣,台灣,台灣
保管銀行,兆豐國際商業銀行,華南商業銀行,元大商業銀行,中國信託銀行,第一商業銀行,臺灣銀行,台北富邦銀行,兆豐國際商業銀行,彰化商業銀行,永豐商業銀行,永豐商業銀行,合作金庫銀行,合作金庫銀行,中國信託銀行,中國信託銀行,彰化商業銀行,第一商業銀行,合作金庫銀行,兆豐國際商業銀行,聯邦銀行,兆豐國際商業銀行,陽信商銀,國泰世華商業銀行,第一商業銀行,第一商業銀行,彰化商業銀行,華南商業銀行,第一商業銀行,台灣新光商業銀行,中國信託銀行,中國信託銀行,華南商業銀行,第一商業銀行,永豐商業銀行,合作金庫銀行,第一商業銀行,玉山銀行,臺灣銀行,華南商業銀行,臺灣銀行,中國信託銀行,國泰世華商業銀行,永豐商業銀行,第一商業銀行,華南商業銀行,第一商業銀行,台北富邦銀行,台北富邦銀行,中國信託銀行,第一商業銀行,華南商業銀行,台北富邦銀行,台北富邦銀行,中國信託銀行,彰化商業銀行,合作金庫銀行,華南商業銀行,玉山銀行,國泰世華商業銀行,國泰世華商業銀行,兆豐國際商業銀行,台灣中小企銀,合作金庫銀行,台灣中小企銀,國泰世華商業銀行,第一商業銀行,第一商業銀行,國泰世華商業銀行,永豐商業銀行,永豐商業銀行,陽信商銀,第一商業銀行,聯邦銀行,兆豐國際商業銀行,台灣中小企銀,第一商業銀行,台灣中小企銀,兆豐國際商業銀行,中國信託銀行,國泰世華商業銀行,華南商業銀行,永豐商業銀行,永豐商業銀行,臺灣銀行,第一商業銀行,華南商業銀行,第一商業銀行,永豐商業銀行,永豐商業銀行
基金評等, , , , , , , , , , , , , , , , , , , , , , , , , , , , , , , , , , , , , , , , , , , , , , , , , , , , , , , , , , , , , , , , , , , , , , , , , , , , , , , , , , , , , , , , , 
主要投資區域,台灣,台灣,台灣,台灣,台灣,台灣,台灣,台灣,台灣,台灣,台灣,台灣,台灣,台灣,台灣,台灣,台灣,台灣,台灣,台灣,台灣,台灣,台灣,台灣,台灣,台灣,台灣,台灣,台灣,台灣,台灣,台灣,台灣,台灣,台灣,台灣,台灣,台灣,台灣,台灣,台灣,台灣,台灣,台灣,台灣,台灣,台灣,台灣,台灣,台灣,台灣,台灣,台灣,台灣,台灣,台灣,台灣,台灣,台灣,台灣,台灣,台灣,台灣,台灣,台灣,台灣,台灣,台灣,台灣,台灣,台灣,台灣,台灣,台灣,台灣,台灣,台灣,台灣,台灣,台灣,台灣,台灣,台灣,台灣,台灣,台灣,台灣,台灣,台灣
單筆最低申購,"3,000元","3,000元","3,000元","10,000元","3,000元","10,000元","10,000元","10,000元","10,000元","3,000元","3,000元","10,000元","10,000元","10,000元","30,000,000元","10,000元","10,000元","10,000元","10,000元","10,000元","10,000元","3,000元","3,000元","3,000元","10,000元","10,000元","10,000元","3,000元","10,000元","3,000元","3,000元","10,000元","3,000元","3,000元","3,000元","10,000元","3,000元","3,000元","10,000元","10,000元","10,000元","3,000元","10,000元","3,000元","1,000元","10,000元","10,000元","10,000元","3,000元","3,000元","3,000元","1,000元", 元,"3,000元","3,000元","3,000元","3,000元","3,000元","3,000元","3,000元","3,000元","3,000元","3,000元","3,000元","1,000元","3,000元","3,000元","3,000元","10,000元","1,000元","10,000元","3,000元","1,000元","3,000元","10,000元","1,000元","1,000元","10,000元","10,000元","50,000,000元", 元,"10,000元","10,000元","50,000,000元","50,000,000元","3,000,000元","50,000,000元","10,000,000元","10,000,000元"
風險報酬等級,RR5,RR5,RR4,RR4,RR4,RR4,RR4,RR4,RR4,RR4,RR4,RR4,RR5,RR4,RR4,RR4,RR4,RR4,RR4,RR4,RR4,RR4,RR4,RR4,RR4,RR4,RR4,RR4,RR5,RR4,RR4,RR4,RR4,RR4,RR4,RR4,RR4,RR4,RR4,RR4,RR4,RR4,RR4,RR4,RR4,RR4,RR4,RR4,RR4,RR4,RR4,RR4,RR4,RR4,RR4,RR4,RR4,RR4,RR4,RR4,RR4,RR4,RR4,RR4,RR4,RR4,RR4,RR4,RR4,RR4,RR4,RR4,RR4,RR4,RR4,RR4,RR4,RR4,RR4,RR4,RR4,RR4,RR4,RR4,RR4,RR4,RR4,RR4,RR4
定時定額, ,有,有,有,有,有,有,有,有,有,有,有,有,有, ,有,有,有,有,有,有,有,有,有,有,有,有,有,有,有,有,有,有,有,有,有,有,有,有,有,有,有,有,有,有,有,有,有,有,有,有,有, ,有,有,有,有,有,有,有,有,有,有,有,有,有,有,有,有,有,有,有,有,有,有,有,有,有,有,有, ,有,有, , , , ,有,有
管理年費(%),0.7,1.6,1.6,1.6,1.6,1.6,1.5,1.6,1.6,1.8,1.8,1.2,1.6,1.2,0.6,1.5,1.6,1.6,1.6,1.2,1.2,1.5,1.5,1.5,1.6,1.5,1.6,1.2,1.6,1.6,1.6,1.6,1.6,1.6,1.2,1.6,1.6,1.6,1.6,1.6,1.6,1.6,1.6,1.6,1.5,1.6,1.5,1.5,1.6,1.6,1.6,1.6,1.6,1.6,1.6,1.6,1.6,1.6,1.5,1.6,1.2,1.6,1.6,1.6,1.5,1.5,1.2,1.6,1.6,1.6,1.6,1.58,1.6,1.2,1.6,1.75,1.6,1.6,1.6,0.6,0.6,1.8,1.8,0.6,0.6,0.75,0.6,0.9,1.8
手續費(%),2,3,2,2,1.6,4,1.5,4,2,5,5,1.5,3,2,0,2,1.5,2,1.5,2,2,1.5,2,2,2,3,1.5,1.5,3,1.5,1.4,1.5,2,1.5,1,2,1.5,1.5,1.5,1.5,1.5,2,1.5,2,1.5,3,2,2,1.4,1.5,2,1.5,0,1.4,1.5,4,3,1.5,1,1.5,1.5,1.4,4,1.4,1.5,1.4,1.4,1.5,1.5,1.5,2,1.4,1.5,1.4,2,1.5,1.5,1.5,1.5,0,0,0,0,N/A,N/A,0,N/A,5,5
保管費(%),0.14,0.15,0.15,0.15,0.15,0.15,0.15,0.15,0.14,0.2,0.2,0.15,0.15,0.12,0.12,0.13,0.15,0.15,0.15,0.14,0.15,0.14,0.15,0.17,0.15,0.14,0.15,0.2,0.15,0.15,0.15,0.14,0.15,0.15,0.15,0.15,0.14,0.15,0.15,0.15,0.15,0.15,0.15,0.15,0.15,0.15,0.2,0.2,0.14,0.15,0.14,0.15,0.15,0.14,0.15,0.15,0.15,0.14,0.15,0.15,0.2,0.15,0.15,0.15,0.15,0.14,0.2,0.15,0.15,0.15,0.15,0.14,0.12,0.15,0.16,0.15,0.15,0.15,0.15,0.15,0.14,0.2,0.2,0.15,0.15,0.15,0.15,0.2,0.2
基金統編,76941376,26310310,10341837,17602625,19330712,48997911,1031564,17604124,17146752,42532205B ,42532205A ,974241,20094820,01031298A ,01031298B ,73987671,13539952,92013967,25612029,973762,1032183,97972846,965469,1050148,26320632,19330754A ,26273336,1032162,42298518,48675778,17605622A ,97997635,48858663,73998086,00974018A ,20097447,81587889,81591434,81584975,48948481,17147078,25636367A ,18499732,17144889A ,01031874A ,81594690,988316,968493,92019786,17148301,97984293A ,17612497A ,17612497B ,17140568,48749899,97990696,15733973,21759676,92002384,81585475,974066,48934304,92012572,81581724,1032058,92002244,01031699A ,92010477,20084317,83863951,13986924,92012762,92026219,77537493,26202396,92001765,17139204,17597600,14694495,25636367B ,97984293B ,42532205D ,42532205C ,73982057B ,17144889B ,01031874B , , , 
配息頻率, , , , , , , , , ,月配, , , , , , , , , , , ,年配, ,年配, , , , , , , , , , , , , , , , , , , , , , , , , , , , , , , , , , , , , , , , , , , , ,年配, , ,年配, , , , , , , , , ,月配, , , , , , , 
費用備註,上列費用皆為公開說明書公告之最高費率。 ,上列手續費為公開說明書公告之最高費率。 ,上列手續費為公開說明書公告之最高費率。 ,上列手續費為公開說明書公告之最高費率。 , ,上列手續費為公開說明書公告之最高費率。 ,上列手續費為公開說明書公告之最高費率。 ,上列手續費為公開說明書公告之最高費率。 ,上列手續費為公開說明書公告之最高費率。 ,上列手續費為公開說明書公告之最高費率。 ,上列手續費為公開說明書公告之最高費率。  , ,上列手續費為公開說明書公告之最高費率。 ,上列手續費為公開說明書公告之最高費率。 ,I類型不收取申購手續費。 ,上列手續費為公開說明書公告之最高費率。 ,上列手續費為公開說明書公告之最高費率。 ,上列手續費為公開說明書公告之最高費率。 ,上列手續費為公開說明書公告之最高費率。 ,上列手續費為公開說明書公告之最高費率。 ,上列手續費為公開說明書公告之最高費率。 , ,上列手續費為公開說明書公告之最高費率。  ,上列手續費為公開說明書公告之最高費率。  ,上列手續費為公開說明書公告之最高費率。 ,上列手續費為公開說明書公告之最高費率。 ,上列手續費為公開說明書公告之最高費率。 ,上列手續費為公開說明書公告之最高費率。 ,上列手續費為公開說明書公告之最高費率。 , ,上列手續費為公開說明書公告之最高費率。 , ,上列手續費為公開說明書公告之最高費率。 , ,上列手續費為公開說明書公告之最高費率。 ,上列手續費為公開說明書公告之最高費率。 , , ,上列手續費為公開說明書公告之最高費率。 ,上列手續費為公開說明書公告之最高費率。 ,上列手續費為公開說明書公告之最高費率。 ,上列手續費為公開說明書公告之最高費率。  ,上列手續費為公開說明書公告之最高費率。  ,上列手續費為公開說明書公告之最高費率。 , ,上列手續費為公開說明書公告之最高費率。 ,上列手續費為公開說明書公告之最高費率。 ,上列手續費為公開說明書公告之最高費率。 , ,上列手續費為公開說明書公告之最高費率。 ,上列手續費為公開說明書公告之最高費率。 , , , , ,上列手續費為公開說明書公告之最高費率。 ,上列手續費為公開說明書公告之最高費率。 , ,上列手續費為公開說明書公告之最高費率。 ,上列手續費為公開說明書公告之最高費率。 ,上列手續費為公開說明書公告之最高費率。 ,上列手續費為公開說明書公告之最高費率。 ,上列手續費為公開說明書公告之最高費率。 ,上列手續費為公開說明書公告之最高費率。 ,上列手續費為公開說明書公告之最高費率。 ,上列手續費為公開說明書公告之最高費率。 ,上列手續費為公開說明書公告之最高費率。 ,上列手續費為公開說明書公告之最高費率。 ,上列手續費為公開說明書公告之最高費率。 ,上列手續費為公開說明書公告之最高費率。 ,上列手續費為公開說明書公告之最高費率。 ,上列手續費為公開說明書公告之最高費率。 ,上列手續費為公開說明書公告之最高費率。 ,上列手續費為公開說明書公告之最高費率。 ,上列手續費為公開說明書公告之最高費率。 ,上列手續費為公開說明書公告之最高費率。 ,上列手續費為公開說明書公告之最高費率。 , , ,申購機構法人類型受益權單位不收取申購手續費。  ,I類型不收取申購手續費。 ,上列手續費為公開說明書公告之最高費率。 ,上列手續費為公開說明書公告之最高費率。 ,上列手續費為公開說明書公告之最高費率。 ,上列手續費為公開說明書公告之最高費率。 ,美元計價類型不收取手續費 , , , 
文件下載,財務報告書 / 公開說明書 / 基金月報 / 簡式公開說明書,財務報告書 / 公開說明書 / 基金月報 / 簡式公開說明書,財務報告書 / 公開說明書 / 基金月報 / 簡式公開說明書,財務報告書 / 公開說明書 / 基金月報 / 簡式公開說明書,財務報告書 / 公開說明書 / 基金月報 / 簡式公開說明書,財務報告書 / 公開說明書 / 基金月報 / 簡式公開說明書,財務報告書 / 公開說明書 / 基金月報 / 簡式公開說明書,財務報告書 / 公開說明書 / 基金月報 / 簡式公開說明書,財務報告書 / 公開說明書 / 基金月報 / 簡式公開說明書,財務報告書 / 公開說明書 / 基金月報 / 簡式公開說明書,財務報告書 / 公開說明書 / 基金月報 / 簡式公開說明書,財務報告書 / 公開說明書 / 基金月報 / 簡式公開說明書,財務報告書 / 公開說明書 / 基金月報 / 簡式公開說明書,財務報告書 / 公開說明書 / 基金月報 / 簡式公開說明書,財務報告書 / 公開說明書 / 基金月報 / 簡式公開說明書,財務報告書 / 公開說明書 / 基金月報 / 簡式公開說明書,財務報告書 / 公開說明書 / 基金月報 / 簡式公開說明書,財務報告書 / 公開說明書 / 基金月報 / 簡式公開說明書,財務報告書 / 公開說明書 / 基金月報 / 簡式公開說明書,財務報告書 / 公開說明書 / 基金月報 / 簡式公開說明書,財務報告書 / 公開說明書 / 基金月報 / 簡式公開說明書,財務報告書 / 公開說明書 / 基金月報 / 簡式公開說明書,財務報告書 / 公開說明書 / 基金月報 / 簡式公開說明書,財務報告書 / 公開說明書 / 基金月報 / 簡式公開說明書,財務報告書 / 公開說明書 / 基金月報 / 簡式公開說明書,財務報告書 / 公開說明書 / 基金月報 / 簡式公開說明書,財務報告書 / 公開說明書 / 基金月報 / 簡式公開說明書,財務報告書 / 公開說明書 / 基金月報 / 簡式公開說明書,財務報告書 / 公開說明書 / 基金月報 / 簡式公開說明書,財務報告書 / 公開說明書 / 基金月報 / 簡式公開說明書,財務報告書 / 公開說明書 / 基金月報 / 簡式公開說明書,財務報告書 / 公開說明書 / 基金月報,財務報告書 / 公開說明書 / 基金月報 / 簡式公開說明書,財務報告書 / 公開說明書 / 基金月報,財務報告書 / 公開說明書 / 基金月報 / 簡式公開說明書,財務報告書 / 公開說明書 / 基金月報 / 簡式公開說明書,財務報告書 / 公開說明書 / 基金月報,財務報告書 / 公開說明書 / 基金月報 / 簡式公開說明書,財務報告書 / 公開說明書 / 基金月報 / 簡式公開說明書,財務報告書 / 公開說明書 / 基金月報 / 簡式公開說明書,財務報告書 / 公開說明書 / 基金月報 / 簡式公開說明書,財務報告書 / 公開說明書 / 基金月報 / 簡式公開說明書,財務報告書 / 公開說明書 / 基金月報 / 簡式公開說明書,財務報告書 / 公開說明書 / 基金月報 / 簡式公開說明書,財務報告書 / 公開說明書 / 基金月報,財務報告書 / 公開說明書 / 基金月報 / 簡式公開說明書,財務報告書 / 公開說明書 / 基金月報 / 簡式公開說明書,財務報告書 / 公開說明書 / 基金月報 / 簡式公開說明書,財務報告書 / 公開說明書 / 基金月報,財務報告書 / 公開說明書 / 基金月報 / 簡式公開說明書,財務報告書 / 公開說明書 / 基金月報 / 簡式公開說明書,財務報告書 / 公開說明書 / 基金月報,財務報告書 / 公開說明書 / 基金月報,財務報告書 / 公開說明書 / 基金月報,財務報告書 / 公開說明書 / 基金月報 / 簡式公開說明書,財務報告書 / 公開說明書 / 基金月報,財務報告書 / 公開說明書 / 基金月報 / 簡式公開說明書,財務報告書 / 公開說明書 / 基金月報,財務報告書 / 公開說明書 / 基金月報 / 簡式公開說明書,財務報告書 / 公開說明書 / 基金月報 / 簡式公開說明書,財務報告書 / 公開說明書 / 基金月報 / 簡式公開說明書,財務報告書 / 公開說明書 / 基金月報 / 簡式公開說明書,財務報告書 / 公開說明書 / 基金月報,財務報告書 / 公開說明書 / 基金月報 / 簡式公開說明書,財務報告書 / 公開說明書 / 基金月報 / 簡式公開說明書,財務報告書 / 公開說明書 / 基金月報 / 簡式公開說明書,財務報告書 / 公開說明書 / 基金月報 / 簡式公開說明書,財務報告書 / 公開說明書 / 基金月報 / 簡式公開說明書,財務報告書 / 公開說明書 / 基金月報 / 簡式公開說明書,財務報告書 / 公開說明書 / 基金月報 / 簡式公開說明書,財務報告書 / 公開說明書 / 基金月報 / 簡式公開說明書,財務報告書 / 公開說明書 / 基金月報 / 簡式公開說明書,財務報告書 / 公開說明書 / 基金月報 / 簡式公開說明書,財務報告書 / 公開說明書 / 基金月報 / 簡式公開說明書,財務報告書 / 公開說明書 / 基金月報 / 簡式公開說明書,財務報告書 / 公開說明書 / 基金月報 / 簡式公開說明書,財務報告書 / 公開說明書 / 基金月報 / 簡式公開說明書,財務報告書 / 公開說明書 / 基金月報 / 簡式公開說明書,財務報告書 / 公開說明書 / 基金月報 / 簡式公開說明書,財務報告書 / 公開說明書 / 基金月報 / 簡式公開說明書,財務報告書 / 公開說明書 / 基金月報 / 簡式公開說明書,財務報告書 / 公開說明書 / 基金月報 / 簡式公開說明書,財務報告書 / 公開說明書 / 基金月報 / 簡式公開說明書,財務報告書 / 公開說明書 / 基金月報 / 簡式公開說明書,財務報告書 / 公開說明書 / 基金月報 / 簡式公開說明書,財務報告書 / 公開說明書 / 基金月報,財務報告書 / 公開說明書 / 基金月報,財務報告書 / 公開說明書 / 基金月報 / 簡式公開說明書,財務報告書 / 公開說明書 / 基金月報 / 簡式公開說明書
投資標的,本基金主要投資於國內景氣循環股及績優電子股而公司股票、政府公債、公司債、金融債券、短期票券及其他基金管理辦法所規定或經證期會所核准事項之投資。 ,中華民國境內上市上櫃股票為主 ,中華民國境內之上市或上櫃股票、承銷股票、台灣存託憑證、基金受益憑證、政府公債、公司債（含次順位公司債、無擔保公司債）、可轉換公司債、附認股權公司債、金融債券（含次順位金融債券）、依金融資產證券化條例公開招募之受益證券或資產基礎證券、依不動產證券化條例募集之封閉型不動產投資信託基金受益證券或不動產資產信託受益證券及經金管會核准於國內募集發行之國際金融組織債券。 ,本基金主要投資於中華民國境內之有價證券。 ,本基金主要投資於中華民國境內之上市及上櫃股票、承銷股票、上市受益憑證、上市債券換股權利證書、公債、公司債、金融債券等 ,本基金投資於中華民國境內之有價證券。 ,投資標的包括國內上市公司股票、政府公債、公司債、可轉換公司債、金融債券、短期票券及其他經法令或主管機關核准之投資項目；其投資於國內上市、上櫃公司股票，並精選15~20種個股為投資主力 ,本基金主要投資於中華民國境內之上市及上櫃股票、承銷股票、公司債、可轉換公司債、政府公債、債券換股權利證書、金融債券、上市受益憑證、台灣存託憑證及其他經財政部核准於國內募集發行之國外金融組織債券。本基金為避險需要，得從事經證期會核准之證券相關商品之交易 ,投資於台灣股市之上市、上櫃公司，主要投資於具高成長性的上市、上櫃股票。 ,主要投資於中華民國境內之上市上櫃股票為主。 ,主要投資於中華民國境內之上市上櫃股票為主。 ,本基金投資於中華民國境內之上市及上櫃股票、增資或承銷股票、公司債（包括普通公司債、次順位公司債）、可轉換公司債(含承銷中可轉換公司債)、可交換公司債、可交換公債、附認股權公司債、政府公債、金融債券（含次順位金融債券）、依金融資產證券化條例公開招募之受益證券或資產基礎證券、依不動產證券化條例募集之封閉式不動產投資信託基金受益證券或不動產資產信託受益證券、台灣存託憑證。本基金於成立日起三個月後，投資於中華民國境內之上巿及上櫃股票、增資或承銷股票、台灣存託憑證之總額，原則上不低於本基金淨資產價值之百分之七十五。 ,本基金投資於國內之上市及上櫃股票、承銷股票、公司債(包括可轉換公司債)、政府債券、金融債券、上市之債券換股權利證書及上市證券投資信託基金受益憑證。 ,本基金主要投資於國內大型股、電子股及上市公司股票、公司債、政府公債、金融債券、或其他經證期會核准之投資項目。 ,本基金主要投資於國內大型股、電子股及上市公司股票、公司債、政府公債、金融債券、或其他經證期會核准之投資項目。 ,本基金主要投資於國內上市、上櫃股票、承銷股票、上市之證券投資信託基金受益憑證、政府債券、公司債、可轉換公司債及金融債券。 ,中華民國境內之上市或上櫃公司股票、上市或上櫃公司承銷股票、上市受益憑證、台灣存託憑證、債券換股權利證書、公債、公司債（含可轉換公司債）、金融債券及經財政部核准於國內募集發行之國外金融組織債券 ,本基金主要投資於中華民國之上市或上櫃公司股票、承銷股票、經金管會核准有價證券上市或上櫃契約之興櫃股票、期貨信託事業對不特定人募集之期貨信託基金受益憑證、基金受益憑證、臺灣存託憑證、認購(售)權證、認股權憑證、債券換股權利證書、公司債（包括可轉換公司債、次順位公司債、交換公司債、附認股權公司債、無擔保公司債）、政府公債、金融債券（含次順位金融債券）、經金管會核准於我國境內募集發行之國際金融組織債券、依金融資產證券化條例公開招募之受益證券或資產基礎證券、依不動產證券化條例募集之不動產資產信託受益證券、不動產投資信託受益證券及其他經金管會核准投資之金融工具。 ,本基金投資於中華民國境內之上市或上櫃股票、承銷股票、台灣存託憑證、基金受益憑證(含指數股票型基金ETF)、政府公債、公司債(含次順位公司債)、可轉換公司債(含承銷中可轉換公司債)、交換公司債、附認股權公司債、金融債券(包含次順位金融債券)、經金管會核准於國內募集發行之國際金融組織債券、依金融資產證券化條例公開招募之受益證券或資產基礎證券及依不動產證券化條例募集之封閉型不動產投資信託基金受益證券或不動產資產信託受益證券。 ,本基金投資於中華民國之上市或上櫃公司股票、政府公債、公司債，可轉換公司債、金融債券、短期票券、承銷股票、其他證券投資信託基金之受益憑證、其他有價證券及其他基金管理辦法所規定或經金管會核准事項之投資。 ,本基金主要投資於中華民國之上市或上櫃公司股票、承銷股票、基金受益憑證(含指數股票型基金)、臺灣存託憑證、債券換股權利證書、公司債(包括可轉換公司債、次順位公司債、交換公司債、附認股權公司債、無擔保公司債)、政府公債、金融債券(含次順位金融債券)、經金管會核准於我國境內募集發行之國際金融組織債券、依金融資產證券化條例公開招募之受益證券或資產基礎證券、依不動產證券化條例募集之封閉型不動產投資信託基金受益證券或不動產資產信託受益證券及其他經金管會核准投資之金融工具。 ,本基金主要投資於中華民國證券集中交易市場上市、上櫃之公司股票、台灣存託憑證、受益憑證及公債、公司債、可轉換公司債、金融債券及短期票券。 ,中華民國境內之上市及上櫃公司股票、現金增資及承銷股票（以原股東身分認購已上市、上櫃之現金增資股票或已上市、上櫃同種類之現金增資承銷股票及初次上市、上櫃股票之承銷股票）、政府公債、公司債（含可轉換公司債）、金融債券、台灣存託憑證、附認股權公司債、債券換股權利證書及其他經金管會核准事項之投資。 ,本基金主要投資於中華民國境內之上市、上櫃公司股票（含承銷股票）、台灣存託憑證、政府公債、公司債、金融債券。 ,本基金投資於中華民國境內之上市或上櫃股票、承銷股票、臺灣存託憑證、開放式基金受益憑證（含指數股票型基金ETF）、政府公債、公司債（不含次順位公司債、無擔保公司債）、可轉換公司債、可交換公司債、附認股權公司債、金融債券（不含次順位金融債券）及經金管會核准於國內募集發行之國際金融組織債券。 ,本基金主要投資於國內上市、上櫃股票，投資總額需達六成以上。 ,中華民國境內之上市及上櫃股票、承銷股票、基金受益憑證(含指數股票型基金)、期貨信託基金、存託憑證、政府公債、公司債(次順位公司債)、可轉換公司債、可交換公司債、附認股權公司債、無擔保公司債、認購(售)權證、認股權憑證、金融債券(含次順位金融債券)、國際金融組織債券、依金融資產證券化條例公開招募之受益證券或資產基礎證券及依不動產證券化條例募集之封閉型不動產投資信託基金受益證券或不動產資產信託受益證券。 ,本基金投資於中華民國境內之上市及上櫃公司股票、承銷證券、政府公債、公司債、可轉換公司債、金融債券、上市受益憑證及其他「證券投資信託基金管理辦法」所規定或經金管會核准之投資項目。 ,本基金主要投資於下列與物聯網相關之產業，包含：1.物聯網硬體設備：指物聯網產業建置基礎設備等相關企業，包含半導體(如微處理器、手機晶片、感應器，連接裝置晶片及其他相關晶片生產測試封裝與智財等)、通訊裝置(如WI-FI設備、藍芽裝置、GPS、手機及其他相關零組件等)、儲存設備(如固態儲存、磁碟陣列、雲端存取及其他相關晶片與零組件等)和資料中心設備(如伺服器、電源管理系統、網路系統等相關裝置與設備)等企業；涵蓋之產業類別包括半導體業、光電業、電子零組件、電腦及周邊設備業、通信網路業及生技醫療業等。2.物聯網軟體、服務與平台：指透過物聯網提供相關軟體、服務與平台等相關企業，如OS系統軟體、資訊安全專用軟體、資料庫服務、大數據服務、自動化服務、雲端平台、電子商務平台、社交互動平台、獨立軟體開發商、嵌入式軟體商、系統整合商、軟體、服務和平台營運商等企業。涵蓋之產業類別包括資訊服務業、電子通路業、其他電子業等。3.物聯網應用產品：指提供萬物皆上網應用相關產品之企業，如穿載式設備和產業網路化如生產、運輸、服務自動化與智能化等相關企業。涵蓋之產業類別包括汽車工業，金融保險等。原則上，本基金自成立日起屆滿三個月後，投資於上市或上櫃股票(含承銷股票)及存託憑證之總額不低於本基金淨資產價值之百分之七十(含)，且投資於第(二)款所列之有價證券總額不得低於本基金淨資產價值之百分之六十(含)。 ,投資超過70%在國內上市或上櫃股票、承銷股票、臺灣存託憑證。 ,本基金主要投資於國內之上市及上櫃股票、承銷股票、上市證券投資信託基金受益憑證、台灣存託憑證、政府公債、公司債、可轉換公司債、金融債券、上市債券換股權利證書、及其他經財政部核准於國內募集發行之國外金融組織債券等 ,本基金投資於中華民國境內上市或上櫃股票、以原股東身份認購已上市、上櫃之現金增資股票、已上市、上櫃同種類之現金增資承銷股票、初次上市、上櫃股票之承銷股票、在證券交易所上市之證券投資信託基金受益憑證、政府公債、公司債、可轉換公司債、債券換股權利證書或金融債券。本基金之有價證券投資將以各被投資公司最近三個會計年度之盈餘增資配股、資本公積配股及現金股利合計平均在新台幣一點五元（含本數）以上或投資當時實收資本額在新台幣壹佰億元（含本數）以上公司所發行之上市、上櫃股票、可轉換公司債或債券換股權利證書為主。 之上市、上櫃股票、可轉換公司債或債券換股權利證書為主。  ,本基金主要投資於中華民國境內之國內上市、上櫃公司股票、承銷股票、證券投資信託基金受益憑證(含指數股票型基金)、依金融資產證券化條例公開招募之受益證券或資產基礎證券、依不動產證券化條例募集之封閉型不動產投資信託受益證券或不動產資產信託受益證券、台灣存託憑證、政府公債、公司債（含上市或上櫃之次順位公司債）、可轉換公司債、交換公司債、附認股權公司債、金融債券(含上市或上櫃之次順位金融債券)或經金管會核准於國內募集發行之國際金融組織債券。 ,經理公司應以分散風險、確保基金之安全，並積極追求長期之投資利得及維持收益之安定為目標。以誠信原則及專業經營方式，將本基金投資於中華民國境內之上市或上櫃股票、承銷股票、公司債(包括可轉換公司債)、政府公債、金融債券、上市之債券換股權利證書、上市證券投資信託基金受益憑證及其他經財政部核准於國內募集發行之國外金融組織債券。本基金之股票投資將以從事或轉投資於運輸及通信工程、都市開發及住宅建設、休閒旅遊服務、資訊通訊、光電、環保工程、電子週邊、半導體、關鍵性電子零組件、特用化學相關產品、超細纖維、特殊鋼材、精密機械與自動化產業之上市上櫃股票為主，原則上，本基金於成立日起六個月後，投資於股票之總額不得低於淨資產價值之百分之七十，且投資於上述特殊產業之總額不低於本基金資產價值之百分之六十。但依經理公司之專業判斷，在特殊情況下，為分散風險，確保基金安全之目的，得不受上述比例之限制。前述所指特殊情況之考量，應包括經理公司針對以下因素之專業判斷： 1.證券交易所及櫃檯買賣中心發布之發行量加權股價指數有下列情形之一者： （1）最近六個營業日指數累計漲幅超過百分之十（含本數）或跌幅超過百分之十（含本數）。 （2）最近三十個營業日指數累計漲幅超過百分之二十（含本數）或跌幅超過百分之二十（含本數）。 2.本基金信託契約終止前一個月。 ,本基金投資於國內上市或上櫃公司股票、上市及未上市公司債（包括可轉換公司債、次順位公司債及無擔保公司債）、政府公債、金融債券（包括次順位金融債券）、定期存款、可轉讓定期存單、短期票券、依金融資產證券化條例公開招募之受益證券或資產基礎證券、依不動產證券化條例募集之不動產投資信託受益證券或不動產資產信託受益證券及其他經金管會核准投資之金融工具。 ,1.上市及上櫃股票、承銷股票、興櫃股票、基金受益憑證(含指數股票型基金)、公司債（含可轉換公司債、次順位公司債、無擔保公司債）、交換公司債、附認股權公司債、政府公債、金融債券（含次順位金融債券）。 2.投資於上市及上櫃股票、承銷股票、興櫃股票之總額不得低於淨資產價值之 70%。 ,本基金主要投資於國內上市上櫃公司股票 ,1.本基金投資於中華民國境內之上市或上櫃公司股票、公司債（包括可轉換公司債）、政府公債、金融債券或承銷股票。 2.本基金投資上市及上櫃股票不得低於本基金淨資產價值之百分之七十(70%)(含)；投資於實收資本額三十億以下之上市或上櫃公司股票，不得超過本基金淨資產價值之百分之三十(30%)(含)。  ,中華民國境內之上市及上櫃股票、承銷股票、公司債〈包括可轉換公司債〉、政府債券、金融債券、上市之債券換股權利證書、上市證券投資信託基金受益憑證及上市或上櫃之興櫃股票。另本基金在正常情況下，應將本基金淨資產價值之百分之六十〈含〉以上投資於從事或轉投資各產業原材料、關鍵性零組件或可成為其他產業原材料、關鍵性零組件之中上游產業之上市、上櫃股票為主。 ,本基金投資於中華民國境內之上市或上櫃股票、承銷股票、臺灣存託憑證、上市受益憑證(含指數股票型基金）、政府公債、公司債(含次順位公司債)、可轉換公司債、金融債券(含次順位金融債券)、經金管會核准於國內募集發行之國際金融組織債券、依金融資產證券化條例公開招募之受益證券或資產基礎證券及依不動產證券化條例募集之封閉型不動產投資信託基金受益證券或不動產資產信託受益證券。 ,本基金主要投資於國內上市及上櫃公司股票、承銷股票、金融債券及可轉換公司債或塑膠工業、紡織纖維、電機機械、電子工業及金融保險類股上市及上櫃股票之總額不得低於淨資產價值之百分之七十；投資於上述單一類股總額不得超過淨資產價值之百分之五十 ,本基金投資於中華民國境內之上市上櫃股票(含承銷股票)、基金受益憑證、存託憑證、政府公債、公司債(含次順位公司債)、可轉換公司債、附認股權公司債、無擔保公司債、金融債券(含次順位金融債券)、經財政部或金管會核准於我國境內募集發行之國際金融組織債券、依金融資產證券化條例公開招募之受益證券或資產基礎證券及依不動產證券化條例募集之封閉型不動產投資信託基金受益證券或不動產資產信託受益證券。 ,投資於中華民國境內之上市或上櫃股票、承銷股票、上市受益憑證、台灣存託憑證，政府公債、公司債、可轉換公司債、金融債券、上市債券換股權利證書、其他經財政部核准於國內募集發行之國外金融組織債券。原則上，本基金自成立日起三個月後，投資於股票之總額不低於本基金淨資產價值之百分之七十(含)。但依經理公司之專業判斷，在特殊情形下，為分散風險、確保基金安全之目的，得不受前述投資比例之限制。 ,本基金主要投資於以從事於高科技與金融相關事業之上市、上櫃股票及增資或承銷股票為主；原則上，本基金於成立六個月後，投資於上開投票之總金額應占淨資產價值之百分之六十以上 ,國內上市或上櫃公司股票、公司債（包括可轉換公司債）、政府公債、金融債券及其他經金管會核准投資之金融工具。 ,本基金主要投資於中華民國之上市、上櫃股票、承銷股票、上市受益憑證、上市債券換股權利證書、公債、公司債、金融債券及其他經財政部核准於國內募集發行之國外金融組織債券 ,本基金主要投資於國內上市上櫃股票、政府公債、公司債、金融債券、短期票券及其他經證期會核准之投資項目，持股率原則上不低於60% ,本基金主要投資於上市公司股票 ,本基金主要投資於中華民國境內之上市股票、上市之證券投資信託基金受益憑證、上櫃股票、公債、公司債、可轉換公司債、金融債券等 ,本基金將投資於中華民國境內之上市或上櫃股票、承銷股票、公司債､可轉換公司債、政府公債、金融債券、基金受益憑證、其他經金管會核准於國內募集發行之國外金融組織債券及經證券主管機關核准之證券相關商品交易。 ,1.本基金投資於國內上市或上櫃股票、承銷股票、政府債券、公司債、可轉換公司債、金融債券、證券投資信託基金受益憑證（含反向型 ETF、商品 ETF 及槓桿型 ETF）、對不特定人所募集之期貨信託基金受益憑證及及其他經金管會核准之投資項目。 2.本基金投資於國內上市、上櫃股票、承銷股票之總額，不得低於本基金淨資產價值之百分之七十(70%)(含)。  ,投資於國內上市上櫃股票、上市基金受益憑證、台灣存託憑證、政府公債、公司債(含可轉換公司債)、債券換股權利證書、金融債券及經金管會核准於國內募集發行之國外金融組織債券。投資於上市或上櫃股票之總金額，不得低於基本淨資產價值之百分之七十。 ,投資於國內上市上櫃股票、上市基金受益憑證、台灣存託憑證、政府公債、公司債(含可轉換公司債)、債券換股權利證書、金融債券及經金管會核准於國內募集發行之國外金融組織債券。投資於上市或上櫃股票之總金額，不得低於基本淨資產價值之百分之七十。 ,本基金主要投資於中華民國境內之上市或上櫃股票、承銷股票、上市受益憑證、政府公債、公司債、可轉換公司債、債券換股權利證書、金融債券及證券相關商品之交易。  ,本基金投資於國內上市或上櫃股票、承銷股票、台灣存託憑證、證券投資信託基金受益憑證、政府債券、公司債(包含次順位公司債)、可轉換公司債、承銷中可轉換公司債、附認股權公司債、金融債券（包含次順位金融債券）、依金融資產證券化條例公開招募之受益證券或資產基礎證券、依不動產證券化條例募集之不動產投資信託基金受益證券或不動產資產信託受益證券、經金管會核准於國內募集發行之國際金融組織債券。 ,本基金主要投資於中華民國境內之上市或上櫃股票、承銷股票、上市受益憑証、政府公債、公司債、可轉換公司債或金融債券。 ,國內上市(櫃)股票、承銷股票、上市債券股權利證書、基金受益憑證、台灣存託憑證、政府公債、公司債、可轉換公司債、債券換股權利證書、金融債券或其他經金管會核准於國內募集發行之國際金融組織債券。且為避險需要，亦得從事經金管會核准等證券相關商品之交易。 ,中華民國境內之上市或上櫃股票、承銷股票、證券投資信託基金受益憑證、台灣存託憑證、政府公債、公司債〈含可轉換公司債、承銷中可轉換公司債、附認股權公司債、次順位公司債〉、金融債券〈含次順位金融債券〉、經金管會核准於國內募集發行之國際金融組織債券、經金管會核准或申報生效公開招募之受益證券或資產基礎證券及經金管會核准募集之封閉型不動產投資信託基金受益證券或不動產資產信託受益證券。 ,本基金投資於國內上市或上櫃公司股票及公司債（包括可轉換公司債、次順位公司債及無擔保公司債）、政府公債、金融債券（包括次順位金融債券）、依金融資產證券化條例公開招募之受益證券或資產基礎證券、依不動產證券化條例募集之不動產投資信託受益證券或不動產資產信託受益證券及其他經金管會核准投資之金融工具。 ,本基金主要投資於中華民國境內之上市及上櫃股票、承銷股票、上市及未上市公司債（包括可轉換公司債）、政府公債、金融債券及基金受益憑證。 ,本基金投資於中華民國境內上市及上櫃股票(含證券承銷商所承銷上市上櫃公司股東依證券交易法第二十二條第三項規定公開招募之股票)、承銷股票（已上市、上櫃同種類之現金增資承銷股票及初次上市上櫃股票之承銷股票）、政府公債、公司債、可轉換公司債、金融債券。 ,本基金投資於中華民國境內之上市、上櫃公司股票、承銷股票、上市受益憑證（含指數股票型基金）、台灣存託憑證、政府公債、公司債（包括可轉換公司債、次順位公司債）、金融債券（包括次順位金融債券），經金管會核准於國內募集發行之國際金融組織債券，及其他依不動產證券化條例募集之封閉型不動產投資信託基金受益證券或不動產資產信託受益證券及依金融資產證券化條例公開招募之受益證券及資產基礎證券。 ,本基金主要投資於國內外銷相關產業，其中有三成以上的營收是來自出口的上市上櫃股票為主要投資標的 ,本基金投資以從事或轉投資經濟建設相關事業之上市、上櫃股票、承銷股票為主，包括土地資產開發、營建（營造、建設）、交通、石化、電力、公共工程、通訊、資訊、消費性電子、半導體、精密機械與自動化、航太、高級材料、特用化學品與製藥、醫療保健、污染防治等事業。原則上本基金於成立六個月後，投資於上述股票之總金額不低於淨資產價值之60％ ,本基金投資於國內上市、上櫃公司股票、承銷股票、台灣存託憑證、受益憑證(含指數股票型基金、槓桿型ETF、反向型ETF及商品型ETF)、期貨信託事業對不特定人募集之期貨信託基金、認購(售)權證、認股權憑證、政府公債、公司債(含次順位公司債)、可轉換公司債、附認股權公司債、金融債券(含次順位金融債券)、依金融資產證券化條例公開招募之受益證券或資產基礎證券、依不動產證券化條例募集之封閉型不動產投資信託基金受益證券或不動產資產信託受益證券及經金管會核准於國內募集發行之國際金融組織債券。  ,本基金主要投資於國內上市公司股票、政府公債、公司債（含可轉換公司債）、金融債券及其他經證期會核准投資之金融工具 ,本基金主要投資於國內上市公司股票、政府公債、公司債（含可轉換公司債）、金融債券及其他經證期會核准投資之金融工具．並以國內上市公司股票為主要投資標的 ,本基金主要投資於國內上市公司股票、國內上市及未上市公司債、政府公債、金融債券及其他經證期會核准投資之金融工具；投資於第二類股票最多不得超過本基金淨資產價值總額之百分之三 ,國內上市及上櫃股票、承銷股票、金融債券及可轉換公司債等。原則上，本基金投資於上市、上櫃股票不得低於本基金淨資產價值之百分之七十。 ,本基金主要投資於國內上市及上櫃公司股票、上市及上櫃公司的現金增資股票、初次上市及上櫃的承銷股票、上市受益憑證、政府公債、公司債及金融債券 ,投資於中華民國境內之上市及上櫃股票、增資或承銷股票、公司債（包括可轉換公司債）、政府公債、金融債券、上市證券投資信託基金受益憑證、上市之債券換股權利證書、台灣存託憑證及其他經財政部核准於國內募集發行之國際金融組織債券。 ,本基金主要投資於國內上市公司股票、政府公債、公司債（含可轉換公司債）、金融債券及其他經證期會核准投資之金融工具 ,本基金主要投資於國內上市及上櫃公司股票、上市及上櫃公司的現金增資股票、初次上市及上櫃的承銷股票、上市受益憑證、政府公債、公司債及金融債券 ,中華民國境內之上市、上櫃公司股票、承銷股票、台灣存託憑證、政府公債、公司債（包括可轉換公司債、次順位公司債）、金融債券（包括次順位金融債券），及其他依不動產證券化條例募集之封閉型不動產投資信託基金受益證券或不動產資產信託受益證券及依金融資產證券化條例公開招募之受益證券及資產基礎證券，及其他經金管會核准投資之金融工具。 ,投資於中華民國境內之上市或上櫃股票(含特別股)、承銷股票、存託憑證、受益憑證(含指數股票型基金受益憑證)、政府公債、公司債(含次順位公司債)、可轉換公司債、承銷中可轉換公司債、可交換公司債、附認股權公司債、無擔保公司債、金融債券(含次順位金融債券)、經財政部或金管會核准於我國境內募集發行之國際金融組織債券、依金融資產證券化條例公開招募之受益證券或資產基礎證券及依不動產證券化條例募集之封閉型不動產投資信託基金受益證券或不動產資產信託受益證券。 ,本基金主要投資於國內上市公司股票、政府公債、公司債、金融債券及其經證期會核准的金融工具。且投資國內上市公司股票以不超過三十種股票為限的精選型基金，以謀求長期的投資利得 ,本基金投資於國內上市及上櫃股票、承銷股票、存託憑證、基金受益憑證(含指數股票型基金、槓桿型ETF、反向型ETF及商品ETF)、期貨信託事業對不特定人募集之期貨信託基金、認購(售)權證、認股權憑證、政府公債、公司債（包括可轉換公司債）、金融債券、其他經財政部或金管會核准於國內募集發行之國外金融組織債券及本基金依金管會之規定從事證券相關商品交易，但須符合金管會投資限制之規範。  ,本基金投資於中華民國境內上市及上櫃股票、承銷股票、上市受益憑證、政府公債、公司債、可轉換公司債、上市債券換股權利證書、金融債券及其他經金管會核准於國內募集發行之國外金融組織債券。 ,中華民國境內之上市或上櫃公司股票。 ,本基金投資於中華民國境內之上市上櫃股票(含承銷股票)、基金受益憑證、存託憑證、政府公債、公司債(含次順位公司債)、可轉換公司債、附認股權公司債、無擔保公司債、金融債券(含次順位金融債券)、經財政部或金管會核准於我國境內募集發行之國際金融組織債券、依金融資產證券化條例公開招募之受益證券或資產基礎證券及依不動產證券化條例募集之封閉型不動產投資信託基金受益證券或不動產資產信託受益證券。  ,1.本基金投資於國內上市或上櫃股票、承銷股票、政府債券、公司債、可轉換公司債、金融債券、證券投資信託基金受益憑證（含反向型 ETF、商品 ETF 及槓桿型 ETF）、對不特定人所募集之期貨信託基金受益憑證及及其他經金管會核准之投資項目。 2.本基金投資於國內上市、上櫃股票、承銷股票之總額，不得低於本基金淨資產價值之百分之七十(70%)(含)。 ,主要投資於中華民國境內之上市上櫃股票為主。 ,主要投資於中華民國境內之上市上櫃股票為主。 ,本基金主要投資於國內上市、上櫃公司股票，政府債券及金融債券等，其投資收益來自於利息收入、股利收入及資本利得 ,本基金主要投資於以從事於高科技與金融相關事業之上市、上櫃股票及增資或承銷股票為主；原則上，本基金於成立六個月後，投資於上開投票之總金額應占淨資產價值之百分之六十以上 ,國內上市或上櫃公司股票、公司債（包括可轉換公司債）、政府公債、金融債券及其他經金管會核准投資之金融工具。 ,本基金主要投資於中華民國之上市、上櫃股票、承銷股票、上市受益憑證、上市債券換股權利證書、公債、公司債、金融債券及其他經財政部核准於國內募集發行之國外金融組織債券 ,主要投資於中華民國境內之上市上櫃股票為主。 ,主要投資於中華民國境內之上市上櫃股票為主。 
